databaseId1,CCAE,MDCD,MDCR,OptumDod,OptumEHR,VAOMOP
CCAE,1,0.8180980788985562,0.9202089775426793,0.8579494287549938,0.7617151233840384,0.6651690834697347
MDCD,0.8180980788985562,1,0.819377948734011,0.9611997556134523,0.8646928964215139,0.7528575888994959
MDCR,0.9202089775426793,0.819377948734011,1,0.872455079806867,0.72727486916719,0.7234596675086057
OptumDod,0.8579494287549938,0.9611997556134523,0.872455079806867,1,0.8749974429317622,0.6841490558371136
OptumEHR,0.7617151233840384,0.8646928964215139,0.72727486916719,0.8749974429317622,1,0.5967167761970841
VAOMOP,0.6651690834697347,0.7528575888994959,0.7234596675086057,0.6841490558371136,0.5967167761970841,1
