databaseId1,CCAE,MDCD,MDCR,OptumDod,OptumEHR,VAOMOP
CCAE,1,0.9615716346989885,0.919056475484133,0.9595361150674154,0.8881093147615844,0.9486208557288179
MDCD,0.9615716346989885,1,0.8998145431952964,0.9446783063532018,0.8676304718332091,0.931251398372634
MDCR,0.919056475484133,0.8998145431952964,1,0.9647362725493028,0.86641780234394,0.877863285427795
OptumDod,0.9595361150674154,0.9446783063532018,0.9647362725493028,1,0.8844750455859224,0.9220455176904835
OptumEHR,0.8881093147615844,0.8676304718332091,0.86641780234394,0.8844750455859224,1,0.8428291906128944
VAOMOP,0.9486208557288179,0.931251398372634,0.877863285427795,0.9220455176904835,0.8428291906128944,1
